data;point
0;(1, 0)
0.523598775598299;(0.86603, 0.5)
1.0471975511966;(0.5, 0.86603)
-1.5707963267949;(6.1232e-17, -1)
4.71238898038469;(-1.837e-16, -1)
